Workbook

Sheet Read me
A1: flydubai | PayGuard AI
A2: Logistic Regression Evaluation — Coefficients, Odds Ratios & Live Scorer
A4: Purpose
A5: • Interpretable supervised benchmark: L2-penalised logistic regression on 8 engineered features.
A6: • Sheet 'Coefficients': fitted log-odds coefficients, odds ratios and 95% bootstrap CIs.
A7: • Sheet 'Live Scorer': enter a transaction's raw features -> get a predicted anomaly probability.
A8: • Sheet 'Validation': 40 held-out payments with model probabilities vs. true labels.
A9: • Coefficients were fitted in Python (ridge, C=1.0) and are shown as editable cells so you can
A10: • stress-test 'what-if' coefficient changes; the scorer recomputes live.
A11: • All data synthetic; two flags (bank change, currency mismatch) are near-perfect separators.
A13: Model performance (held-out test set)
A14: Test AUC | C14: 0.8889411
A15: Average precision | C15: 0.76604796
A16: McFadden pseudo-R² | C16: 0.46874629
A17: Train / test rows | C17: 3920
A18: Legend: blue text = editable input • yellow fill = key assumption / lever • black = formula (recalculates) • Press F9 to re-simulate.

Sheet Coefficients
A1: flydubai | PayGuard AI
A2: Logistic Regression — Coefficients & Odds Ratios
A4: Feature | B4: Coefficient (log-odds) | C4: Odds ratio | D4: 95% CI low | E4: 95% CI high | F4: Interpretation
A5: currency_mismatch | B5: 5.8295935 | C5: =EXP(B5) | D5: =EXP(5.265405906891106) | E5: =EXP(6.30718068540333) | F5: Strong risk ↑
A6: bank_change | B6: 5.7709176 | C6: =EXP(B6) | D6: =EXP(5.211704104179918) | E6: =EXP(6.2280544772589215) | F6: Strong risk ↑
A7: paid_to_invoice | B7: 1.7187909 | C7: =EXP(B7) | D7: =EXP(1.228687168589716) | E7: =EXP(1.948289743182359) | F7: Strong risk ↑
A8: invoice_to_po | B8: 0.67922821 | C8: =EXP(B8) | D8: =EXP(0.5011358149004893) | E8: =EXP(0.8281007449647154) | F8: Risk ↑
A9: weekend | B9: 0.13530663 | C9: =EXP(B9) | D9: =EXP(-0.2166223034210482) | E9: =EXP(0.4591966641482143) | F9: Risk ↑
A10: days_to_pay | B10: 0.072740332 | C10: =EXP(B10) | D10: =EXP(-0.15096638194880804) | E10: =EXP(0.2624973141646307) | F10: Risk ↑
A11: log_amount | B11: -0.0098971911 | C11: =EXP(B11) | D11: =EXP(-0.18548626667320914) | E11: =EXP(0.1672604547537036) | F11: ~neutral
A12: terms_deviation | B12: -0.75061636 | C12: =EXP(B12) | D12: =EXP(-0.9147159270377859) | E12: =EXP(-0.590410064430382) | F12: Protective
A14: Intercept | B14: -3.8252711
A16: Yellow coefficient cells are editable — change one and the Live Scorer updates.

Sheet Live Scorer
A1: flydubai | PayGuard AI
A2: Live Scorer — Predicted Anomaly Probability
A4: Enter a transaction's RAW feature values (blue). The model standardises, applies coefficients, and returns a probability.
A6: Feature | B6: Your input (raw) | C6: Standardised | D6: Coefficient | E6: Contribution
A7: log_amount | B7: 9 | C7: =(B7-8.720498965543623)/1.220531874270108 | D7: =Coefficients!$B$11 | E7: =C7*D7
A8: paid_to_invoice | B8: 1.15 | C8: =(B8-1.002435851264447)/0.03373411431956079 | D8: =Coefficients!$B$7 | E8: =C8*D8
A9: invoice_to_po | B9: 1.2 | C9: =(B9-0.8619569596970676)/0.0886075508637679 | D9: =Coefficients!$B$8 | E9: =C9*D9
A10: days_to_pay | B10: 3 | C10: =(B10-46.389030612244895)/20.397665139113634 | D10: =Coefficients!$B$10 | E10: =C10*D10
A11: terms_deviation | B11: 25 | C11: =(B11-0.2181122448979592)/9.882758937825626 | D11: =Coefficients!$B$12 | E11: =C11*D11
A12: weekend | B12: 0 | C12: =B12 | D12: =Coefficients!$B$9 | E12: =C12*D12
A13: bank_change | B13: 1 | C13: =B13 | D13: =Coefficients!$B$6 | E13: =C13*D13
A14: currency_mismatch | B14: 0 | C14: =B14 | D14: =Coefficients!$B$5 | E14: =C14*D14
A16: Linear predictor (intercept + Σ contributions) | E16: =Coefficients!$B$14+SUM(E7:E14)
A17: Predicted anomaly probability | E17: =1/(1+EXP(-E16))
A19: Example shown: a rapid, over-invoiced payment with a recent bank change — expect a high probability.

Sheet Validation
A1: flydubai | PayGuard AI
A2: Validation — Held-out Sample (model probability vs. truth)
A4: log_amount | B4: paid_to_invoice | C4: invoice_to_po | D4: days_to_pay | E4: terms_deviation | F4: weekend | G4: bank_change | H4: currency_mismatch | I4: is_anomaly | J4: pred_prob | K4: hybrid_risk_score
A5: 9.8788249 | B5: 1 | C5: 0.74503097 | D5: 13 | E5: -17 | F5: 0 | G5: 0 | H5: 0 | I5: 0 | J5: 0.024931012 | K5: 23.5
A6: 7.6998696 | B6: 1 | C6: 0.79226741 | D6: 32 | E6: -13 | F6: 0 | G6: 0 | H6: 0 | I6: 0 | J6: 0.028673635 | K6: 11.8
A7: 8.3686445 | B7: 1 | C7: 0.91380078 | D7: 47 | E7: 17 | F7: 1 | G7: 0 | H7: 0 | I7: 0 | J7: 0.0091369593 | K7: 28.3
A8: 8.0662704 | B8: 1 | C8: 0.99667936 | D8: 23 | E8: -7 | F8: 1 | G8: 0 | H8: 0 | I8: 0 | J8: 0.090197936 | K8: 30.8
A9: 8.1627728 | B9: 1 | C9: 0.7890817 | D9: 41 | E9: -4 | F9: 1 | G9: 0 | H9: 0 | I9: 0 | J9: 0.01683982 | K9: 20.5
A10: 6.0798417 | B10: 1 | C10: 0.78037249 | D10: 29 | E10: -1 | F10: 1 | G10: 0 | H10: 0 | I10: 0 | J10: 0.012278558 | K10: 30.6
A11: 8.1285823 | B11: 1 | C11: 0.93674143 | D11: 65 | E11: 5 | F11: 0 | G11: 0 | H11: 0 | I11: 0 | J11: 0.024888645 | K11: 8.7
A12: 9.927475 | B12: 1 | C12: 0.9187038 | D12: 16 | E12: -14 | F12: 0 | G12: 0 | H12: 0 | I12: 0 | J12: 0.072248969 | K12: 16.2
A13: 9.6471465 | B13: 1 | C13: 0.73589098 | D13: 29 | E13: -1 | F13: 0 | G13: 0 | H13: 0 | I13: 0 | J13: 0.0074448775 | K13: 9.4
A14: 7.2396743 | B14: 1 | C14: 0.82698834 | D14: 36 | E14: 6 | F14: 0 | G14: 0 | H14: 0 | I14: 0 | J14: 0.0091789395 | K14: 7.2
A15: 7.7765099 | B15: 1 | C15: 0.72745978 | D15: 64 | E15: 4 | F15: 0 | G15: 0 | H15: 0 | I15: 0 | J15: 0.0055017933 | K15: 12.8
A16: 8.7990765 | B16: 1 | C16: 0.76281201 | D16: 36 | E16: 6 | F16: 0 | G16: 0 | H16: 0 | I16: 0 | J16: 0.0055620214 | K16: 5.4
... A44: 7.5581254 | B44: 1 | C44: 0.96017426 | D44: 17 | E44: -13 | F44: 1 | G44: 0 | H44: 0 | I44: 0 | J44: 0.10408695 | K44: 31.7
