Workbook

Sheet Read me
A1: flydubai | PayGuard AI
A2: Bayesian Inference Evaluation — Posteriors, Credible Intervals & Live Scorer
A4: Purpose
A5: • Bayesian logistic regression fitted using mean-field Automatic Differentiation Variational Inference (ADVI).
A6: • Sheet 'Posterior Summary': posterior mean, sd, 95% credible interval and P(effect>0) per factor.
A7: • Sheet 'Bayesian Scorer': enter a transaction -> probability with a 95% approximate credible interval,
A8: • computed live across posterior draws from the fitted ADVI approximation.
A9: • Sheet 'Posterior Draws': sampled coefficient vectors from the approximate posterior powering the scorer.
A10: • This is the key advantage over the point-estimate regression: every prediction carries
A11: • its own uncertainty band, so borderline cases are visibly distinguished from confident ones.
A13: ADVI optimisation: 30000 iterations; final variational loss = 657.404.
A15: Legend: blue text = editable input • yellow fill = key assumption / lever • black = formula (recalculates) • Press F9 to re-simulate.

Sheet Posterior Summary
A1: flydubai | PayGuard AI
A2: Posterior Summary — Effect Sizes (log-odds)
A4: Factor | B4: Posterior mean | C4: Std dev | D4: 95% CrI low | E4: 95% CrI high | F4: P(effect > 0)
A5: paid_to_invoice | B5: 2.1199104 | C5: 0.6401724 | D5: 0.87588786 | E5: 3.3676877 | F5: 0.999
A6: invoice_to_po | B6: 0.53450457 | C6: 0.065175365 | D6: 0.40535488 | E6: 0.65935584 | F6: 1
A7: log_amount | B7: 0.064040042 | C7: 0.085703991 | D7: -0.10293836 | E7: 0.23217881 | F7: 0.7785
A8: days_to_pay | B8: 0.0452515 | C8: 0.084527134 | D8: -0.1297415 | E8: 0.21028962 | F8: 0.709
A9: weekend | B9: -0.024336179 | C9: 0.16875393 | D9: -0.35165132 | E9: 0.30347757 | F9: 0.44525
A10: terms_deviation | B10: -0.55666167 | C10: 0.068076009 | D10: -0.69098774 | E10: -0.42638627 | F10: 0
A13: P(effect>0) is a Bayesian quantity with no frequentist equivalent: the posterior probability the factor raises risk.

Sheet Posterior Draws
A1: Draw # | B1: intercept | C1: log_amount | D1: paid_to_invoice | E1: invoice_to_po | F1: days_to_pay | G1: terms_deviation | H1: weekend | I1: Linear pred. | J1: Probability
A2: 1 | B2: -3.2296783 | C2: 0.10774526 | D2: 1.0235228 | E2: 0.56220514 | F2: -0.05617258 | G2: -0.52552255 | H2: -0.032593702 | I2: =B2+C2*'Bayesian Scorer'!$C$7+D2*'Bayesian Scorer'!$C$8+E2*'Bayesian Scorer'!$C$9+F2*'Bayesian Scorer'!$C$10+G2*'Bayesian Scorer'!$C$11+H2*'Bayesian Scorer'!$C$12 | J2: =1/(1+EXP(-I2))
A3: 2 | B3: -3.1818462 | C3: 0.17450414 | D3: 1.7960234 | E3: 0.48843209 | F3: 0.065810111 | G3: -0.47303439 | H3: 0.084725294 | I3: =B3+C3*'Bayesian Scorer'!$C$7+D3*'Bayesian Scorer'!$C$8+E3*'Bayesian Scorer'!$C$9+F3*'Bayesian Scorer'!$C$10+G3*'Bayesian Scorer'!$C$11+H3*'Bayesian Scorer'!$C$12 | J3: =1/(1+EXP(-I3))
A4: 3 | B4: -3.2987185 | C4: -0.04728108 | D4: 2.3432028 | E4: 0.57156782 | F4: 0.13693855 | G4: -0.39165974 | H4: 0.043872049 | I4: =B4+C4*'Bayesian Scorer'!$C$7+D4*'Bayesian Scorer'!$C$8+E4*'Bayesian Scorer'!$C$9+F4*'Bayesian Scorer'!$C$10+G4*'Bayesian Scorer'!$C$11+H4*'Bayesian Scorer'!$C$12 | J4: =1/(1+EXP(-I4))
A5: 4 | B5: -3.0098947 | C5: 0.11269525 | D5: 1.8748112 | E5: 0.60223962 | F5: -0.037471367 | G5: -0.58848616 | H5: 0.085160838 | I5: =B5+C5*'Bayesian Scorer'!$C$7+D5*'Bayesian Scorer'!$C$8+E5*'Bayesian Scorer'!$C$9+F5*'Bayesian Scorer'!$C$10+G5*'Bayesian Scorer'!$C$11+H5*'Bayesian Scorer'!$C$12 | J5: =1/(1+EXP(-I5))
A6: 5 | B6: -3.104118 | C6: 0.11380069 | D6: 2.3245465 | E6: 0.58951465 | F6: 0.12189885 | G6: -0.58812327 | H6: 0.026261024 | I6: =B6+C6*'Bayesian Scorer'!$C$7+D6*'Bayesian Scorer'!$C$8+E6*'Bayesian Scorer'!$C$9+F6*'Bayesian Scorer'!$C$10+G6*'Bayesian Scorer'!$C$11+H6*'Bayesian Scorer'!$C$12 | J6: =1/(1+EXP(-I6))
A7: 6 | B7: -3.3706715 | C7: -0.097470181 | D7: 1.503199 | E7: 0.58919212 | F7: -0.020562518 | G7: -0.43944316 | H7: -0.26058464 | I7: =B7+C7*'Bayesian Scorer'!$C$7+D7*'Bayesian Scorer'!$C$8+E7*'Bayesian Scorer'!$C$9+F7*'Bayesian Scorer'!$C$10+G7*'Bayesian Scorer'!$C$11+H7*'Bayesian Scorer'!$C$12 | J7: =1/(1+EXP(-I7))
A8: 7 | B8: -3.3368345 | C8: -0.07721739 | D8: 2.2468378 | E8: 0.45692155 | F8: 0.00031943898 | G8: -0.61142616 | H8: 0.12155698 | I8: =B8+C8*'Bayesian Scorer'!$C$7+D8*'Bayesian Scorer'!$C$8+E8*'Bayesian Scorer'!$C$9+F8*'Bayesian Scorer'!$C$10+G8*'Bayesian Scorer'!$C$11+H8*'Bayesian Scorer'!$C$12 | J8: =1/(1+EXP(-I8))
A9: 8 | B9: -3.1388589 | C9: -0.036596378 | D9: 2.5499335 | E9: 0.59377609 | F9: 0.050299746 | G9: -0.51218525 | H9: -0.44503139 | I9: =B9+C9*'Bayesian Scorer'!$C$7+D9*'Bayesian Scorer'!$C$8+E9*'Bayesian Scorer'!$C$9+F9*'Bayesian Scorer'!$C$10+G9*'Bayesian Scorer'!$C$11+H9*'Bayesian Scorer'!$C$12 | J9: =1/(1+EXP(-I9))
A10: 9 | B10: -3.3498042 | C10: -0.089587619 | D10: 2.4934673 | E10: 0.61584328 | F10: -0.00042321585 | G10: -0.43945428 | H10: -0.077459114 | I10: =B10+C10*'Bayesian Scorer'!$C$7+D10*'Bayesian Scorer'!$C$8+E10*'Bayesian Scorer'!$C$9+F10*'Bayesian Scorer'!$C$10+G10*'Bayesian Scorer'!$C$11+H10*'Bayesian Scorer'!$C$12 | J10: =1/(1+EXP(-I10))
A11: 10 | B11: -3.2769573 | C11: 0.2470697 | D11: 1.62775 | E11: 0.50499143 | F11: 0.036001457 | G11: -0.60697628 | H11: -0.1513863 | I11: =B11+C11*'Bayesian Scorer'!$C$7+D11*'Bayesian Scorer'!$C$8+E11*'Bayesian Scorer'!$C$9+F11*'Bayesian Scorer'!$C$10+G11*'Bayesian Scorer'!$C$11+H11*'Bayesian Scorer'!$C$12 | J11: =1/(1+EXP(-I11))
A12: 11 | B12: -3.1575321 | C12: 0.047354521 | D12: 2.4946709 | E12: 0.57153286 | F12: 0.058032163 | G12: -0.49788275 | H12: -0.30160474 | I12: =B12+C12*'Bayesian Scorer'!$C$7+D12*'Bayesian Scorer'!$C$8+E12*'Bayesian Scorer'!$C$9+F12*'Bayesian Scorer'!$C$10+G12*'Bayesian Scorer'!$C$11+H12*'Bayesian Scorer'!$C$12 | J12: =1/(1+EXP(-I12))
A13: 12 | B13: -3.2540943 | C13: 0.086385125 | D13: 2.5705237 | E13: 0.58904268 | F13: -0.055147573 | G13: -0.55572469 | H13: 0.0084131245 | I13: =B13+C13*'Bayesian Scorer'!$C$7+D13*'Bayesian Scorer'!$C$8+E13*'Bayesian Scorer'!$C$9+F13*'Bayesian Scorer'!$C$10+G13*'Bayesian Scorer'!$C$11+H13*'Bayesian Scorer'!$C$12 | J13: =1/(1+EXP(-I13))
... A2001: 2000 | B2001: -3.0316143 | C2001: 0.092840916 | D2001: 0.98670298 | E2001: 0.47339971 | F2001: 0.11323015 | G2001: -0.54557617 | H2001: 0.051563663 | I2001: =B2001+C2001*'Bayesian Scorer'!$C$7+D2001*'Bayesian Scorer'!$C$8+E2001*'Bayesian Scorer'!$C$9+F2001*'Bayesian Scorer'!$C$10+G2001*'Bayesian Scorer'!$C$11+H2001*'Bayesian Scorer'!$C$12 | J2001: =1/(1+EXP(-I2001))

Sheet Bayesian Scorer
A1: flydubai | PayGuard AI
A2: Bayesian Scorer — Probability with 95% Credible Interval
A4: Enter raw features (blue). Each approximate-posterior draw yields a probability; we report the mean and 2.5/97.5 percentiles across the exported draws.
A6: Feature | B6: Your input (raw) | C6: Standardised value
A7: log_amount | B7: 9 | C7: =(B7-8.720498965543623)/1.220531874270108
A8: paid_to_invoice | B8: 1.05 | C8: =(B8-1.002435851264447)/0.03373411431956079
A9: invoice_to_po | B9: 1.05 | C9: =(B9-0.8619569596970676)/0.0886075508637679
A10: days_to_pay | B10: 10 | C10: =(B10-46.389030612244895)/20.397665139113634
A11: terms_deviation | B11: 5 | C11: =(B11-0.2181122448979592)/9.882758937825626
A12: weekend | B12: 0 | C12: =B12
A14: POSTERIOR PREDICTIVE (across 2,000 ADVI draws)
A15: Mean probability | C15: =AVERAGE('Posterior Draws'!$J$2:$J$2001)
A16: 2.5% credible bound | C16: =PERCENTILE('Posterior Draws'!$J$2:$J$2001,0.025)
A17: 97.5% credible bound | C17: =PERCENTILE('Posterior Draws'!$J$2:$J$2001,0.975)
A18: P(anomaly prob > 50%) | C18: =COUNTIF('Posterior Draws'!$J$2:$J$2001,">0.5")/2000
A20: Example: a fairly ordinary payment — expect a low mean probability with a tight credible interval.
A21: Try setting bank_change = 1: the mean jumps toward ~100% and the interval stays tight (high confidence).
